{
  "project_info": {
    "project_number": "607025074040",
    "project_id": "aplicacionalarcos",
    "storage_bucket": "aplicacionalarcos.firebasestorage.app"
  },
  "client": [
    {
      "client_info": {
        "mobilesdk_app_id": "1:607025074040:android:8e8d42e17fc99a3bbac28d",
        "android_client_info": {
          "package_name": "com.example.aplicacionalarcos"
        }
      },
      "oauth_client": [
        {
          "client_id": "607025074040-3o1javvs8n8np4cqo5pbv4kvgacr2pf1.apps.googleusercontent.com",
          "client_type": 1,
          "android_info": {
            "package_name": "com.example.aplicacionalarcos",
            "certificate_hash": "ff475de054d0daa0ec3225d5ea236b2bc23020c0"
          }
        },
        {
          "client_id": "607025074040-bd367h6mjm8fivps3r4urtkiold53j7t.apps.googleusercontent.com",
          "client_type": 1,
          "android_info": {
            "package_name": "com.example.aplicacionalarcos",
            "certificate_hash": "6b2d39948309e8b90da5e0d953afd6968926af06"
          }
        },
        {
          "client_id": "607025074040-c7v6eqeh74ferflph765ve38oil33r7i.apps.googleusercontent.com",
          "client_type": 1,
          "android_info": {
            "package_name": "com.example.aplicacionalarcos",
            "certificate_hash": "7aad9e4123d30cb9f74c79756c77db44dced12c2"
          }
        },
        {
          "client_id": "607025074040-lruqd0auf2e3v3sa6fdfmibmhuvsf9jt.apps.googleusercontent.com",
          "client_type": 1,
          "android_info": {
            "package_name": "com.example.aplicacionalarcos",
            "certificate_hash": "694618b65ff69cf468dfc2199b0e05bb242bb43b"
          }
        },
        {
          "client_id": "607025074040-tj1d6c6jvkf27baj084ef3be0cqkdh84.apps.googleusercontent.com",
          "client_type": 3
        }
      ],
      "api_key": [
        {
          "current_key": "AIzaSyAuCkHb8IaCHAJO-6ZXo4S0TB-7tNscRH8"
        }
      ],
      "services": {
        "appinvite_service": {
          "other_platform_oauth_client": [
            {
              "client_id": "607025074040-tj1d6c6jvkf27baj084ef3be0cqkdh84.apps.googleusercontent.com",
              "client_type": 3
            }
          ]
        }
      }
    }
  ],
  "configuration_version": "1"
}